<?xml version="1.0" encoding="utf-8" ?><dwsync><file name=".DS_Store" server="shell.sci.utah.edu//usr/sci/www/nmccurdy/Poemage/" local="3518486738" remote="3518487125" Dst="-1" /><file name="bootstrap.js" server="shell.sci.utah.edu//usr/sci/www/nmccurdy/Poemage/" local="3518486738" remote="3518487125" Dst="-1" /><file name="bootstrap.min.js" server="shell.sci.utah.edu//usr/sci/www/nmccurdy/Poemage/" local="3518486738" remote="3518487125" Dst="-1" /><file name="ie8-responsive-file-warning.js" server="shell.sci.utah.edu//usr/sci/www/nmccurdy/Poemage/" local="3518486738" remote="3518487126" Dst="-1" /><file name="jquery-1.10.2.min.js" server="shell.sci.utah.edu//usr/sci/www/nmccurdy/Poemage/" local="3518486738" remote="3518487126" Dst="-1" /><file name="jquery.localscroll.min.js" server="shell.sci.utah.edu//usr/sci/www/nmccurdy/Poemage/" local="3518486738" remote="3518487126" Dst="-1" /><file name="jquery.prettyPhoto.js" server="shell.sci.utah.edu//usr/sci/www/nmccurdy/Poemage/" local="3518486738" remote="3518487127" Dst="-1" /><file name="jquery.scrollto.min.js" server="shell.sci.utah.edu//usr/sci/www/nmccurdy/Poemage/" local="3518486738" remote="3518487127" Dst="-1" /><file name="scripts.js" server="shell.sci.utah.edu//usr/sci/www/nmccurdy/Poemage/" local="3518486738" remote="3518487127" Dst="-1" /><file name="waypoints.min.js" server="shell.sci.utah.edu//usr/sci/www/nmccurdy/Poemage/" local="3518486738" remote="3518487127" Dst="-1" /></dwsync>