<?xml version="1.0" encoding="utf-8" ?><dwsync><file name=".DS_Store" server="shell.sci.utah.edu//usr/sci/www/nmccurdy/Poemage/" local="3518486737" remote="3518487114" Dst="-1" /><file name="btnNext.png" server="shell.sci.utah.edu//usr/sci/www/nmccurdy/Poemage/" local="3518486737" remote="3518487114" Dst="-1" /><file name="btnPrevious.png" server="shell.sci.utah.edu//usr/sci/www/nmccurdy/Poemage/" local="3518486737" remote="3518487115" Dst="-1" /><file name="contentPatternBottom.png" server="shell.sci.utah.edu//usr/sci/www/nmccurdy/Poemage/" local="3518486737" remote="3518487115" Dst="-1" /><file name="contentPatternLeft.png" server="shell.sci.utah.edu//usr/sci/www/nmccurdy/Poemage/" local="3518486737" remote="3518487115" Dst="-1" /><file name="contentPatternRight.png" server="shell.sci.utah.edu//usr/sci/www/nmccurdy/Poemage/" local="3518486737" remote="3518487115" Dst="-1" /><file name="contentPatternTop.png" server="shell.sci.utah.edu//usr/sci/www/nmccurdy/Poemage/" local="3518486737" remote="3518487116" Dst="-1" /><file name="default_thumbnail.gif" server="shell.sci.utah.edu//usr/sci/www/nmccurdy/Poemage/" local="3518486737" remote="3518487116" Dst="-1" /><file name="loader.gif" server="shell.sci.utah.edu//usr/sci/www/nmccurdy/Poemage/" local="3518486737" remote="3518487116" Dst="-1" /><file name="sprite.png" server="shell.sci.utah.edu//usr/sci/www/nmccurdy/Poemage/" local="3518486737" remote="3518487116" Dst="-1" /></dwsync>