<?xml version="1.0" encoding="utf-8" ?><dwsync><file name=".DS_Store" server="shell.sci.utah.edu//usr/sci/www/nmccurdy/Poemage/" local="3518486736" remote="3518487111" Dst="-1" /><file name="default_thumb.png" server="shell.sci.utah.edu//usr/sci/www/nmccurdy/Poemage/" local="3518486736" remote="3518487111" Dst="-1" /><file name="loader.gif" server="shell.sci.utah.edu//usr/sci/www/nmccurdy/Poemage/" local="3518486736" remote="3518487111" Dst="-1" /><file name="sprite.png" server="shell.sci.utah.edu//usr/sci/www/nmccurdy/Poemage/" local="3518486736" remote="3518487111" Dst="-1" /><file name="sprite_next.png" server="shell.sci.utah.edu//usr/sci/www/nmccurdy/Poemage/" local="3518486736" remote="3518487112" Dst="-1" /><file name="sprite_prev.png" server="shell.sci.utah.edu//usr/sci/www/nmccurdy/Poemage/" local="3518486736" remote="3518487112" Dst="-1" /><file name="sprite_x.png" server="shell.sci.utah.edu//usr/sci/www/nmccurdy/Poemage/" local="3518486736" remote="3518487112" Dst="-1" /><file name="sprite_y.png" server="shell.sci.utah.edu//usr/sci/www/nmccurdy/Poemage/" local="3518486737" remote="3518487113" Dst="-1" /></dwsync>